Date,Home,Away,actual,p_home,p_draw,p_away,b_home,b_draw,b_away
2025-12-13,Arsenal,Wolverhampton Wanderers,home_win,0.8594906195780865,0.11534247361686108,0.025166906805052014,0.4866666666666667,0.21333333333333335,0.3
2025-12-13,Liverpool,Brighton,home_win,0.5479327269780799,0.23465698360406376,0.217410289417856,0.4900662251655629,0.2119205298013245,0.2980132450331126
2025-12-13,Chelsea,Everton,home_win,0.595136087111239,0.23979809048498618,0.16506582240377496,0.4934210526315789,0.21052631578947367,0.29605263157894735
2025-12-13,Burnley,Fulham,away_win,0.2520212634941804,0.2853739175123069,0.46260481899351263,0.49673202614379086,0.20915032679738563,0.29411764705882354
2025-12-14,Brentford,Leeds,draw,0.591757798853463,0.23191487301525898,0.17632732813127822,0.4935064935064935,0.2077922077922078,0.2987012987012987
2025-12-14,West Ham,Aston Villa,away_win,0.2949981498295746,0.2869647721288444,0.418037078041581,0.49032258064516127,0.2129032258064516,0.2967741935483871
2025-12-14,Sunderland,Newcastle United,home_win,0.26047366411188555,0.3187432285390551,0.4207831073490593,0.48717948717948717,0.21153846153846154,0.30128205128205127
2025-12-14,Nottingham Forest,Tottenham,home_win,0.3363906495688014,0.33094216927383596,0.3326671811573626,0.49044585987261147,0.21019108280254778,0.29936305732484075
2025-12-14,Crystal Palace,Manchester City,away_win,0.3687111499154661,0.26378923305687113,0.3674996170276627,0.4936708860759494,0.2088607594936709,0.2974683544303797
2025-12-15,Manchester United,Bournemouth,draw,0.5574142443308086,0.23810872119979856,0.20447703446939314,0.49056603773584906,0.20754716981132076,0.3018867924528302
2025-12-20,Leeds,Crystal Palace,home_win,0.35594454512054047,0.2830177179380405,0.361037736941419,0.4875,0.2125,0.3
2025-12-20,Tottenham,Liverpool,away_win,0.2814609938973166,0.2914706538454018,0.4270683522572817,0.4906832298136646,0.2111801242236025,0.2981366459627329
2025-12-20,Wolverhampton Wanderers,Brentford,away_win,0.1662856230281242,0.2638621141172391,0.5698522628546366,0.4876543209876543,0.20987654320987653,0.30246913580246915
2025-12-20,Everton,Arsenal,away_win,0.16801629263499768,0.27755169566197335,0.5544320117030291,0.48466257668711654,0.2085889570552147,0.3067484662576687
2025-12-20,Newcastle United,Chelsea,draw,0.38405371281550843,0.289431379425853,0.32651490775863873,0.4817073170731707,0.2073170731707317,0.31097560975609756
2025-12-20,Bournemouth,Burnley,draw,0.7474849685644511,0.1647377387553058,0.08777729268024285,0.47878787878787876,0.21212121212121213,0.3090909090909091
2025-12-20,Brighton,Sunderland,draw,0.5520855579903344,0.2720790336367872,0.17583540837287823,0.4759036144578313,0.21686746987951808,0.3072289156626506
2025-12-20,Manchester City,West Ham,home_win,0.8178951037755969,0.12915099859136348,0.05295389763303973,0.47305389221556887,0.2215568862275449,0.30538922155688625
2025-12-21,Aston Villa,Manchester United,home_win,0.27953128619440215,0.2567134778613782,0.46375523594421986,0.47619047619047616,0.22023809523809523,0.30357142857142855
2025-12-22,Fulham,Nottingham Forest,home_win,0.4562650981574176,0.29779953733835807,0.2459353645042243,0.47928994082840237,0.21893491124260356,0.30177514792899407
2025-12-26,Manchester United,Newcastle United,home_win,0.5059257083302805,0.25073663318229944,0.2433376584874201,0.4823529411764706,0.21764705882352942,0.3
2025-12-27,Nottingham Forest,Manchester City,away_win,0.18238492343719792,0.24929509760890464,0.5683199789538975,0.4853801169590643,0.21637426900584794,0.2982456140350877
2025-12-27,Burnley,Everton,draw,0.2823705268201098,0.28208297918798625,0.43554649399190404,0.48255813953488375,0.21511627906976744,0.3023255813953488
2025-12-27,Arsenal,Brighton,home_win,0.7240083381311772,0.19110088031943745,0.08489078154938526,0.4797687861271676,0.21965317919075145,0.30057803468208094
2025-12-27,West Ham,Fulham,away_win,0.3240309305925261,0.2959278671247194,0.3800412022827543,0.4827586206896552,0.21839080459770116,0.2988505747126437
2025-12-27,Liverpool,Wolverhampton Wanderers,home_win,0.7517142857341614,0.17386546076364773,0.07442025350219104,0.48,0.21714285714285714,0.3028571428571429
2025-12-27,Brentford,Bournemouth,home_win,0.5016639406691833,0.2575425320831786,0.2407935272476382,0.48295454545454547,0.2159090909090909,0.30113636363636365
2025-12-27,Chelsea,Aston Villa,away_win,0.5928656686707933,0.23453931811338316,0.1725950132158236,0.4858757062146893,0.21468926553672316,0.2994350282485876
2025-12-28,Crystal Palace,Tottenham,away_win,0.5791845971543501,0.2559824644887219,0.164832938356928,0.48314606741573035,0.21348314606741572,0.30337078651685395
2025-12-28,Sunderland,Leeds,draw,0.31917182049314613,0.32301679965953567,0.35781137984731815,0.48044692737430167,0.2122905027932961,0.30726256983240224
2025-12-30,Burnley,Newcastle United,away_win,0.16683355169158634,0.2535944360996407,0.5795720122087731,0.4777777777777778,0.21666666666666667,0.3055555555555556
2025-12-30,Chelsea,Bournemouth,draw,0.5015107580010119,0.24320087731187257,0.2552883646871156,0.47513812154696133,0.2154696132596685,0.30939226519337015
2025-12-30,Nottingham Forest,Everton,away_win,0.37545546722978634,0.3147803092714229,0.30976422349879085,0.4725274725274725,0.21978021978021978,0.3076923076923077
2025-12-30,Manchester United,Wolverhampton Wanderers,draw,0.7493804197351934,0.17262695320966975,0.07799262705513689,0.46994535519125685,0.2185792349726776,0.3114754098360656
2025-12-30,Arsenal,Aston Villa,home_win,0.713832850228989,0.20456275244977024,0.0816043973212408,0.4673913043478261,0.22282608695652173,0.30978260869565216
2025-12-30,West Ham,Brighton,draw,0.26630734545806495,0.26674445745480735,0.4669481970871277,0.4702702702702703,0.22162162162162163,0.3081081081081081
2026-01-01,Crystal Palace,Fulham,draw,0.5556851896223467,0.25936730969710076,0.1849475006805525,0.46774193548387094,0.22580645161290322,0.3064516129032258
2026-01-01,Liverpool,Leeds,draw,0.47911338271425014,0.25862286019355013,0.26226375709219985,0.46524064171123,0.22994652406417113,0.3048128342245989
2026-01-01,Brentford,Tottenham,draw,0.5464270032983071,0.26780656429718436,0.18576643240450857,0.4627659574468085,0.23404255319148937,0.30319148936170215
2026-01-01,Sunderland,Manchester City,draw,0.16576468273838973,0.27080614294194943,0.5634291743196609,0.4603174603174603,0.23809523809523808,0.30158730158730157
2026-01-03,Aston Villa,Nottingham Forest,home_win,0.5177597739368588,0.26826126640991127,0.2139789596532301,0.45789473684210524,0.24210526315789474,0.3
2026-01-03,Wolverhampton Wanderers,West Ham,home_win,0.39718945587047505,0.31326217736491485,0.28954836676461004,0.4607329842931937,0.24083769633507854,0.29842931937172773
2026-01-03,Brighton,Burnley,home_win,0.7062626030610435,0.17922701853056744,0.11451037840838897,0.4635416666666667,0.23958333333333334,0.296875
2026-01-03,Bournemouth,Arsenal,away_win,0.23993121596634956,0.26399755453083107,0.49607122950281934,0.46632124352331605,0.23834196891191708,0.29533678756476683
2026-01-04,Leeds,Manchester United,draw,0.4064873832683509,0.2601899301353312,0.333322686596318,0.4639175257731959,0.23711340206185566,0.29896907216494845
2026-01-04,Newcastle United,Crystal Palace,home_win,0.4644660638289624,0.2767377152859864,0.2587962208850512,0.46153846153846156,0.24102564102564103,0.29743589743589743
2026-01-04,Tottenham,Sunderland,draw,0.4460300801611671,0.3442388340898704,0.2097310857489624,0.4642857142857143,0.23979591836734693,0.29591836734693877
2026-01-04,Everton,Brentford,away_win,0.32136933963501774,0.27865252531567997,0.3999781350493022,0.4619289340101523,0.2436548223350254,0.29441624365482233
2026-01-04,Manchester City,Chelsea,draw,0.6455644476802348,0.19677987216467135,0.1576556801550939,0.4595959595959596,0.24242424242424243,0.29797979797979796
2026-01-04,Fulham,Liverpool,draw,0.29207416438157696,0.2845822261690181,0.4233436094494049,0.457286432160804,0.24623115577889448,0.2964824120603015
2026-01-06,West Ham,Nottingham Forest,away_win,0.33706134576043595,0.29580013744763634,0.36713851679192766,0.455,0.25,0.295
2026-01-07,Newcastle United,Leeds,home_win,0.4998064062432877,0.27873923537673273,0.2214543583799794,0.4527363184079602,0.24875621890547264,0.29850746268656714
2026-01-07,Burnley,Manchester United,draw,0.14701373168853726,0.2057957754526539,0.6471904928588086,0.45544554455445546,0.24752475247524752,0.297029702970297
2026-01-07,Manchester City,Brighton,draw,0.6419093206907167,0.2083018656984847,0.14978881361079852,0.45320197044334976,0.2512315270935961,0.2955665024630542
2026-01-07,Fulham,Chelsea,home_win,0.30182373909892823,0.2709793903514948,0.4271968705495769,0.45098039215686275,0.2549019607843137,0.29411764705882354
2026-01-07,Crystal Palace,Aston Villa,draw,0.5286212952320202,0.24209587630627832,0.22928282846170184,0.45365853658536587,0.25365853658536586,0.2926829268292683
2026-01-07,Brentford,Sunderland,home_win,0.6257864027619648,0.23858114714241743,0.1356324500956179,0.45145631067961167,0.25728155339805825,0.2912621359223301
2026-01-07,Bournemouth,Tottenham,home_win,0.4959640552076051,0.29356694867185534,0.21046899612053938,0.45410628019323673,0.2560386473429952,0.2898550724637681
2026-01-07,Everton,Wolverhampton Wanderers,draw,0.47291439225461884,0.3080184128088624,0.219067194936519,0.4567307692307692,0.2548076923076923,0.28846153846153844
2026-01-08,Arsenal,Liverpool,draw,0.5933873956853534,0.24474917697750478,0.16186342733714199,0.45454545454545453,0.2583732057416268,0.28708133971291866
2026-01-17,Manchester United,Manchester City,home_win,0.3739170739816224,0.25438939288423523,0.37169353313414244,0.4523809523809524,0.2619047619047619,0.2857142857142857
2026-01-17,Chelsea,Brentford,home_win,0.45980071752447194,0.23202158334083456,0.3081776991346936,0.4549763033175355,0.26066350710900477,0.2843601895734597
2026-01-17,Leeds,Fulham,home_win,0.5388767163248264,0.26402452669171506,0.19709875698345858,0.45754716981132076,0.25943396226415094,0.2830188679245283
2026-01-17,Nottingham Forest,Arsenal,draw,0.1236599677852571,0.2472634078330914,0.6290766243816517,0.460093896713615,0.25821596244131456,0.28169014084507044
2026-01-17,Sunderland,Crystal Palace,home_win,0.2651879842113594,0.2856364434792508,0.44917557230938976,0.45794392523364486,0.2616822429906542,0.2803738317757009
2026-01-17,Tottenham,West Ham,away_win,0.5767972092835286,0.2687934117045034,0.154409379011968,0.4604651162790698,0.26046511627906976,0.27906976744186046
2026-01-17,Liverpool,Burnley,draw,0.7756825127794192,0.15767153090839733,0.06664595631218355,0.4583333333333333,0.25925925925925924,0.2824074074074074
2026-01-18,Wolverhampton Wanderers,Newcastle United,draw,0.1973604544581113,0.2988709433277669,0.5037686022141218,0.45622119815668205,0.2626728110599078,0.28110599078341014
2026-01-18,Aston Villa,Everton,away_win,0.509017503418873,0.2646307552058762,0.22635174137525094,0.4541284403669725,0.26605504587155965,0.2798165137614679
2026-01-19,Brighton,Bournemouth,draw,0.39322441244968165,0.25859627456011336,0.3481793129902053,0.4520547945205479,0.2648401826484018,0.2831050228310502
2026-01-24,Fulham,Brighton,home_win,0.345863866812697,0.2893647885331597,0.3647713446541435,0.45,0.2681818181818182,0.2818181818181818
2026-01-24,Burnley,Tottenham,draw,0.2259373052120622,0.30587995697284154,0.4681827378150963,0.45248868778280543,0.2669683257918552,0.28054298642533937
2026-01-24,Bournemouth,Liverpool,home_win,0.3697218892318339,0.27436378827001356,0.3559143224981524,0.45045045045045046,0.2702702702702703,0.27927927927927926
2026-01-24,West Ham,Sunderland,home_win,0.38442959789946185,0.29556934898007653,0.32000105312046156,0.452914798206278,0.26905829596412556,0.27802690582959644
2026-01-24,Manchester City,Wolverhampton Wanderers,home_win,0.7184396571654343,0.19752054105054268,0.08403980178402282,0.45535714285714285,0.26785714285714285,0.2767857142857143
2026-01-25,Brentford,Nottingham Forest,away_win,0.6669757002725475,0.20666338148287586,0.1263609182445764,0.4577777777777778,0.26666666666666666,0.27555555555555555
2026-01-25,Crystal Palace,Chelsea,away_win,0.3922748962005349,0.2436148707898123,0.3641102330096529,0.4557522123893805,0.26548672566371684,0.27876106194690264
2026-01-25,Newcastle United,Aston Villa,away_win,0.5303760170112423,0.26562205660268845,0.204001926386069,0.45374449339207046,0.2643171806167401,0.28193832599118945
2026-01-25,Arsenal,Manchester United,away_win,0.5889024410472692,0.24253945118833128,0.16855810776439956,0.4517543859649123,0.2631578947368421,0.2850877192982456
2026-01-26,Everton,Leeds,draw,0.31213680801873955,0.29062978426165825,0.39723340771960214,0.4497816593886463,0.26200873362445415,0.28820960698689957
2026-01-31,Chelsea,West Ham,home_win,0.7260631206888656,0.1619680627197251,0.11196881659140953,0.44782608695652176,0.26521739130434785,0.28695652173913044
2026-01-31,Liverpool,Newcastle United,home_win,0.4328110636890213,0.2832638047564602,0.2839251315545185,0.45021645021645024,0.26406926406926406,0.2857142857142857
2026-01-31,Wolverhampton Wanderers,Bournemouth,away_win,0.2061750929677921,0.2917910853935452,0.5020338216386628,0.4525862068965517,0.2629310344827586,0.28448275862068967
2026-01-31,Leeds,Arsenal,away_win,0.20727071992739737,0.28278845053362206,0.5099408295389808,0.45064377682403434,0.26180257510729615,0.2875536480686695
2026-01-31,Brighton,Everton,draw,0.512547275259372,0.2643882659993758,0.22306445874125191,0.44871794871794873,0.2606837606837607,0.2905982905982906
2026-02-01,Aston Villa,Brentford,away_win,0.34197183872937015,0.26078308337596817,0.39724507789466185,0.44680851063829785,0.26382978723404255,0.28936170212765955
2026-02-01,Tottenham,Manchester City,draw,0.2595210904452688,0.2942911776438866,0.4461877319108446,0.4449152542372881,0.2627118644067797,0.2923728813559322
2026-02-01,Manchester United,Fulham,home_win,0.6806196864723004,0.2046680029141078,0.11471231061359158,0.4430379746835443,0.26582278481012656,0.2911392405063291
2026-02-01,Nottingham Forest,Crystal Palace,draw,0.3046959154096033,0.2732462796755619,0.422057804914835,0.44537815126050423,0.2647058823529412,0.28991596638655465
2026-02-02,Sunderland,Burnley,home_win,0.5194050564712678,0.28195284753830413,0.19864209599042826,0.4435146443514644,0.26778242677824265,0.28870292887029286
2026-02-06,Leeds,Nottingham Forest,home_win,0.5682919926506576,0.2551545525394809,0.17655345480986137,0.44583333333333336,0.26666666666666666,0.2875
2026-02-07,Arsenal,Sunderland,home_win,0.7857115385879896,0.16596487010432007,0.04832359130769036,0.44813278008298757,0.26556016597510373,0.2863070539419087
2026-02-07,Wolverhampton Wanderers,Chelsea,away_win,0.2233467019842444,0.2737346947839932,0.5029186032317625,0.45041322314049587,0.2644628099173554,0.28512396694214875
2026-02-07,Burnley,West Ham,away_win,0.3045977280869433,0.26884361874142726,0.42655865317162933,0.448559670781893,0.26337448559670784,0.2880658436213992
2026-02-07,Newcastle United,Brentford,away_win,0.4284235432297387,0.26994458594482573,0.30163187082543574,0.44672131147540983,0.26229508196721313,0.29098360655737704
2026-02-07,Bournemouth,Aston Villa,draw,0.5076780156654936,0.2526730915719218,0.2396488927625848,0.4448979591836735,0.2612244897959184,0.2938775510204082
2026-02-07,Fulham,Everton,away_win,0.40044425390977906,0.3108460831035349,0.2887096629866861,0.44308943089430897,0.26422764227642276,0.2926829268292683
2026-02-07,Manchester United,Tottenham,home_win,0.5867805918461826,0.2478042745192858,0.16541513363453164,0.44129554655870445,0.2631578947368421,0.29554655870445345
2026-02-08,Brighton,Crystal Palace,away_win,0.42464644121241013,0.2524412287713677,0.32291233001622244,0.4435483870967742,0.2620967741935484,0.29435483870967744
2026-02-08,Liverpool,Manchester City,away_win,0.4196588897471183,0.26643414755103173,0.3139069627018498,0.44176706827309237,0.26104417670682734,0.2971887550200803
2026-02-10,Chelsea,Leeds,draw,0.535270064700411,0.2242501383083155,0.24047979699127325,0.44,0.26,0.3
2026-02-10,Everton,Bournemouth,away_win,0.28552063214520634,0.2738849740916363,0.44059439376315734,0.43824701195219123,0.26294820717131473,0.29880478087649404
2026-02-10,Tottenham,Newcastle United,away_win,0.309625941958248,0.31247169971659267,0.3779023583251595,0.4365079365079365,0.2619047619047619,0.30158730158730157
2026-02-10,West Ham,Manchester United,draw,0.17963313453820173,0.21601947669732838,0.6043473887644701,0.43478260869565216,0.2608695652173913,0.30434782608695654
2026-02-11,Crystal Palace,Burnley,away_win,0.736961813068323,0.17049011357541075,0.09254807335626622,0.4330708661417323,0.2637795275590551,0.3031496062992126
2026-02-11,Nottingham Forest,Wolverhampton Wanderers,draw,0.43269439382699115,0.319529937662322,0.2477756685106869,0.43137254901960786,0.2627450980392157,0.3058823529411765
2026-02-11,Sunderland,Liverpool,away_win,0.22280034454182912,0.29121957614686234,0.4859800793113085,0.4296875,0.265625,0.3046875
2026-02-11,Aston Villa,Brighton,home_win,0.4493775899513825,0.2744129873131433,0.2762094227354741,0.4280155642023346,0.26459143968871596,0.30739299610894943
2026-02-11,Manchester City,Fulham,home_win,0.6801203370017028,0.20312377170050422,0.11675589129779289,0.43023255813953487,0.26356589147286824,0.3062015503875969
2026-02-12,Brentford,Arsenal,draw,0.19706380498172923,0.2604955651484394,0.5424406298698314,0.43243243243243246,0.2625482625482625,0.305019305019305
2026-02-18,Wolverhampton Wanderers,Arsenal,draw,0.08530590149596597,0.2295069000668325,0.6851871984372013,0.4307692307692308,0.2653846153846154,0.3038461538461538
2026-02-21,Aston Villa,Leeds,draw,0.4175777390046689,0.2777923248031529,0.3046299361921781,0.42911877394636017,0.2681992337164751,0.30268199233716475
2026-02-21,Brentford,Brighton,away_win,0.5414529941662019,0.23963686176199317,0.21891014407180492,0.42748091603053434,0.27099236641221375,0.3015267175572519
2026-02-21,Chelsea,Burnley,draw,0.8241175895873682,0.11845880770212727,0.05742360271050455,0.42585551330798477,0.26996197718631176,0.3041825095057034
2026-02-21,Manchester City,Newcastle United,home_win,0.5202722046606967,0.25108479776582115,0.2286429975734823,0.42424242424242425,0.2727272727272727,0.30303030303030304
2026-02-21,West Ham,Bournemouth,draw,0.25142320061831874,0.24376389591483916,0.5048129034668419,0.42641509433962266,0.27169811320754716,0.3018867924528302
2026-02-22,Sunderland,Fulham,away_win,0.35343416468400796,0.3238208020492292,0.32274503326676296,0.424812030075188,0.2744360902255639,0.3007518796992481
2026-02-22,Crystal Palace,Wolverhampton Wanderers,home_win,0.6398171725245316,0.2317995264109703,0.12838330106449825,0.4232209737827715,0.27340823970037453,0.30337078651685395
2026-02-22,Nottingham Forest,Liverpool,away_win,0.23678247765421073,0.2626471585609935,0.5005703637847959,0.4253731343283582,0.27238805970149255,0.30223880597014924
2026-02-22,Tottenham,Arsenal,away_win,0.1449987472585503,0.2785687288896199,0.5764325238518297,0.42379182156133827,0.27137546468401486,0.3048327137546468
2026-02-23,Everton,Manchester United,away_win,0.25782356384512833,0.2672994880495909,0.4748769481052806,0.4222222222222222,0.27037037037037037,0.3074074074074074
2026-02-27,Wolverhampton Wanderers,Aston Villa,home_win,0.2514466801265909,0.3128166545591266,0.43573666531428246,0.42066420664206644,0.2693726937269373,0.30996309963099633
2026-02-28,Burnley,Brentford,away_win,0.15551751540400122,0.21706323877415898,0.6274192458218397,0.4227941176470588,0.26838235294117646,0.3088235294117647
2026-02-28,Bournemouth,Sunderland,draw,0.6070146106073798,0.23981744074388142,0.15316794864873876,0.42124542124542125,0.2673992673992674,0.31135531135531136
2026-02-28,Liverpool,West Ham,home_win,0.7067386510811008,0.18201509504427943,0.11124625387461987,0.4197080291970803,0.27007299270072993,0.3102189781021898
2026-02-28,Leeds,Manchester City,away_win,0.30484842630612696,0.26189994907611336,0.43325162461775957,0.4218181818181818,0.2690909090909091,0.3090909090909091
2026-02-28,Newcastle United,Everton,away_win,0.5627048021830424,0.2552336385519095,0.18206155926504794,0.42028985507246375,0.26811594202898553,0.3115942028985507
2026-03-01,Brighton,Nottingham Forest,home_win,0.5219226206435151,0.2642885838195717,0.21378879553691305,0.4187725631768953,0.26714801444043323,0.3140794223826715
2026-03-01,Fulham,Tottenham,home_win,0.4059025133044709,0.30489066919959773,0.2892068174959315,0.420863309352518,0.26618705035971224,0.3129496402877698
2026-03-01,Manchester United,Crystal Palace,home_win,0.5726060830533135,0.22856160010794652,0.19883231683874014,0.4229390681003584,0.26523297491039427,0.3118279569892473
2026-03-01,Arsenal,Chelsea,home_win,0.6703843831602374,0.2049369254646118,0.1246786913751507,0.425,0.2642857142857143,0.3107142857142857
2026-03-03,Wolverhampton Wanderers,Liverpool,home_win,0.17146573952944638,0.2603149404326739,0.5682193200378798,0.42704626334519574,0.26334519572953735,0.3096085409252669
2026-03-03,Leeds,Sunderland,away_win,0.5731467509605153,0.254053430814581,0.17279981822490378,0.42907801418439717,0.2624113475177305,0.30851063829787234
2026-03-03,Bournemouth,Brentford,draw,0.41800855207661136,0.24870055116527082,0.33329089675811796,0.4275618374558304,0.26148409893992935,0.31095406360424027
2026-03-03,Everton,Burnley,home_win,0.6323465143985837,0.2315498524850173,0.1361036331163989,0.426056338028169,0.2640845070422535,0.30985915492957744
2026-03-04,Manchester City,Nottingham Forest,draw,0.7034893028757206,0.19009386897965658,0.10641682814462253,0.4280701754385965,0.2631578947368421,0.3087719298245614
2026-03-04,Brighton,Arsenal,away_win,0.15789098426713175,0.26453739634476037,0.5775716193881077,0.42657342657342656,0.26573426573426573,0.3076923076923077
2026-03-04,Fulham,West Ham,away_win,0.4877439805855119,0.26308519985155787,0.24917081956293022,0.4250871080139373,0.26480836236933797,0.31010452961672474
2026-03-04,Newcastle United,Manchester United,home_win,0.34117249735830973,0.2736297298889545,0.38519777275273587,0.4236111111111111,0.2638888888888889,0.3125
2026-03-04,Aston Villa,Chelsea,away_win,0.32924366570815256,0.2569686795706316,0.4137876547212158,0.42560553633217996,0.2629757785467128,0.31141868512110726
2026-03-05,Tottenham,Crystal Palace,away_win,0.34512126799384346,0.2846704584134159,0.37020827359274044,0.4241379310344828,0.2620689655172414,0.3137931034482759
2026-03-14,Chelsea,Newcastle United,away_win,0.5353573494995382,0.22705685637627335,0.23758579412418848,0.422680412371134,0.2611683848797251,0.3161512027491409
2026-03-14,West Ham,Manchester City,draw,0.19488232485122406,0.23015100782255427,0.5749666673262215,0.4212328767123288,0.2602739726027397,0.3184931506849315
2026-03-14,Arsenal,Everton,home_win,0.7260238735379763,0.19741356768258875,0.07656255877943491,0.4197952218430034,0.2627986348122867,0.3174061433447099
2026-03-14,Sunderland,Brighton,away_win,0.2876759954219053,0.31205633780015335,0.40026766677794123,0.4217687074829932,0.2619047619047619,0.3163265306122449
2026-03-14,Burnley,Bournemouth,draw,0.1611773558470687,0.2292405103327731,0.6095821338201581,0.42033898305084744,0.26101694915254237,0.31864406779661014
2026-03-15,Nottingham Forest,Fulham,draw,0.39325236025504695,0.291466593752215,0.315281045992738,0.4189189189189189,0.2635135135135135,0.31756756756756754
2026-03-15,Liverpool,Tottenham,draw,0.631298057150122,0.22769268510806323,0.1410092577418148,0.4175084175084175,0.265993265993266,0.3164983164983165
2026-03-15,Manchester United,Aston Villa,home_win,0.5981649003586114,0.2340354700071467,0.167799629634242,0.4161073825503356,0.2684563758389262,0.31543624161073824
2026-03-15,Crystal Palace,Leeds,draw,0.44473695836738214,0.2544966194931536,0.30076642213946414,0.4180602006688963,0.26755852842809363,0.31438127090301005
2026-03-16,Brentford,Wolverhampton Wanderers,draw,0.6624306567744441,0.21526400205408072,0.12230534117147512,0.4166666666666667,0.27,0.31333333333333335
2026-03-20,Bournemouth,Manchester United,draw,0.3514667723308575,0.2598514945630931,0.38868173310604937,0.4152823920265781,0.2724252491694352,0.3122923588039867
2026-03-21,Brighton,Liverpool,home_win,0.31217301386813917,0.2807422936726221,0.4070846924592388,0.4139072847682119,0.27483443708609273,0.31125827814569534
2026-03-21,Fulham,Burnley,home_win,0.59431791080464,0.24747926067454212,0.15820282852081782,0.4158415841584158,0.2739273927392739,0.3102310231023102
2026-03-21,Leeds,Brentford,draw,0.4007682916319135,0.2560802511385052,0.34315145722958124,0.41776315789473684,0.2730263157894737,0.3092105263157895
2026-03-21,Everton,Chelsea,home_win,0.2747244361500981,0.25137176630596403,0.47390379754393774,0.4163934426229508,0.2754098360655738,0.3081967213114754
2026-03-22,Newcastle United,Sunderland,away_win,0.5837946788389555,0.2588968729299354,0.15730844823110912,0.41830065359477125,0.27450980392156865,0.30718954248366015
2026-03-22,Aston Villa,West Ham,home_win,0.5077120523528602,0.2634078430868892,0.22888010456025043,0.4169381107491857,0.2736156351791531,0.30944625407166126
2026-03-22,Tottenham,Nottingham Forest,away_win,0.4353907715909328,0.2979566574307292,0.26665257097833794,0.41883116883116883,0.2727272727272727,0.30844155844155846
2026-04-10,West Ham,Wolverhampton Wanderers,home_win,0.47740954663119983,0.28489146634776435,0.2376989870210357,0.4174757281553398,0.27184466019417475,0.3106796116504854
2026-04-11,Arsenal,Bournemouth,away_win,0.6594372913216253,0.21893985025180848,0.12162285842656612,0.41935483870967744,0.2709677419354839,0.3096774193548387
2026-04-11,Brentford,Everton,draw,0.5359071173508045,0.2519503827639994,0.212142499885196,0.4180064308681672,0.27009646302250806,0.31189710610932475
2026-04-11,Burnley,Brighton,away_win,0.18450597630550059,0.2514117991212557,0.5640822245732439,0.4166666666666667,0.2724358974358974,0.3108974358974359
2026-04-11,Liverpool,Fulham,home_win,0.5980860393211087,0.23058448600838644,0.17132947467050497,0.41533546325878595,0.2715654952076677,0.31309904153354634
2026-04-12,Nottingham Forest,Aston Villa,draw,0.3383318364945213,0.2922882510624179,0.36937991244306073,0.4171974522292994,0.27070063694267515,0.31210191082802546
2026-04-12,Sunderland,Tottenham,home_win,0.3700643770683357,0.321613136295459,0.3083224866362053,0.4158730158730159,0.273015873015873,0.3111111111111111
2026-04-12,Crystal Palace,Newcastle United,home_win,0.41468569192199023,0.2651603019497067,0.3201540061283029,0.4177215189873418,0.2721518987341772,0.310126582278481
2026-04-12,Chelsea,Manchester City,away_win,0.3946069333294298,0.24505081207822996,0.36034225459234015,0.4195583596214511,0.27129337539432175,0.30914826498422715
2026-04-13,Manchester United,Leeds,away_win,0.5513528415538632,0.24686668023729788,0.20178047820883893,0.41823899371069184,0.27044025157232704,0.3113207547169811
2026-04-18,Tottenham,Brighton,draw,0.3117805739233021,0.30421916098173707,0.38400026509496077,0.4169278996865204,0.26959247648902823,0.31347962382445144
2026-04-18,Newcastle United,Bournemouth,away_win,0.410786155643527,0.2564009494331561,0.33281289492331684,0.415625,0.271875,0.3125
2026-04-18,Chelsea,Manchester United,away_win,0.44937898992053515,0.23868661463343457,0.31193439544603024,0.4143302180685358,0.27102803738317754,0.3146417445482866
2026-04-18,Brentford,Fulham,draw,0.5584986564430896,0.23787710462903583,0.20362423892787468,0.41304347826086957,0.2701863354037267,0.3167701863354037
2026-04-18,Leeds,Wolverhampton Wanderers,home_win,0.632359303426962,0.2359422970844658,0.13169839948857226,0.4117647058823529,0.2724458204334365,0.3157894736842105
2026-04-19,Aston Villa,Sunderland,home_win,0.4899181216684327,0.2922207138567748,0.21786116447479242,0.41358024691358025,0.2716049382716049,0.3148148148148148
2026-04-19,Everton,Liverpool,away_win,0.3004279251242616,0.277922793999762,0.4216492808759767,0.4153846153846154,0.27076923076923076,0.31384615384615383
2026-04-19,Nottingham Forest,Burnley,home_win,0.5654796924822835,0.2542265735816146,0.18029373393610168,0.41411042944785276,0.26993865030674846,0.3159509202453988
2026-04-19,Manchester City,Arsenal,home_win,0.31184008726071316,0.2980101317157276,0.39014978102355935,0.41590214067278286,0.2691131498470948,0.3149847094801223
2026-04-20,Crystal Palace,West Ham,draw,0.5702565629603789,0.2320391754830234,0.1977042615565977,0.4176829268292683,0.2682926829268293,0.31402439024390244
2026-04-21,Brighton,Chelsea,home_win,0.3421856093002336,0.26504533457789126,0.3927690561218753,0.41641337386018235,0.270516717325228,0.3130699088145897
2026-04-22,Bournemouth,Leeds,draw,0.45625926028154506,0.2520175528314526,0.29172318688700216,0.41818181818181815,0.2696969696969697,0.31212121212121213
2026-04-22,Burnley,Manchester City,away_win,0.09770253355937919,0.17843762825240442,0.7238598381882164,0.4169184290030212,0.2719033232628399,0.311178247734139
2026-04-24,Sunderland,Nottingham Forest,away_win,0.4037071176335424,0.30513110182690933,0.29116178053954855,0.41566265060240964,0.2710843373493976,0.3132530120481928
2026-04-25,Wolverhampton Wanderers,Tottenham,away_win,0.2915470049060881,0.316813547366875,0.39163944772703685,0.4144144144144144,0.2702702702702703,0.3153153153153153
2026-04-25,Fulham,Aston Villa,home_win,0.36016513903366354,0.2849424791004597,0.3548923818658767,0.41317365269461076,0.2694610778443114,0.31736526946107785
2026-04-25,Liverpool,Crystal Palace,home_win,0.5263787709287574,0.24363984409874423,0.22998138497249837,0.41492537313432837,0.26865671641791045,0.3164179104477612
2026-04-25,Arsenal,Newcastle United,home_win,0.7020874059909222,0.1953624322221123,0.10255016178696535,0.4166666666666667,0.26785714285714285,0.31547619047619047
2026-04-25,West Ham,Everton,home_win,0.3657961061946357,0.28946193852512325,0.3447419552802411,0.41839762611275966,0.26706231454005935,0.314540059347181
2026-04-27,Manchester United,Brentford,home_win,0.49100246242134,0.24786592631856977,0.26113161126009043,0.42011834319526625,0.26627218934911245,0.3136094674556213
2026-05-01,Leeds,Burnley,home_win,0.7278014711422347,0.17929865115835963,0.09289987769940561,0.4218289085545723,0.26548672566371684,0.31268436578171094
2026-05-02,Newcastle United,Brighton,home_win,0.3961692260051151,0.2823599324440749,0.3214708415508099,0.4235294117647059,0.2647058823529412,0.31176470588235294
2026-05-02,Arsenal,Fulham,home_win,0.7191941991619829,0.1949660225770401,0.08583977826097713,0.4252199413489736,0.26392961876832843,0.31085043988269795
2026-05-02,Wolverhampton Wanderers,Sunderland,draw,0.3246586689986028,0.3242097006258986,0.35113163037549877,0.4269005847953216,0.2631578947368421,0.30994152046783624
2026-05-02,Brentford,West Ham,home_win,0.6090417259744667,0.21986079616751822,0.17109747785801493,0.42565597667638483,0.2653061224489796,0.30903790087463556
2026-05-03,Bournemouth,Crystal Palace,home_win,0.4906902448755226,0.24333259547926148,0.2659771596452159,0.4273255813953488,0.26453488372093026,0.3081395348837209
2026-05-03,Manchester United,Liverpool,home_win,0.47557336168699965,0.25593165584972055,0.26849498246327974,0.4289855072463768,0.263768115942029,0.3072463768115942
2026-05-03,Aston Villa,Tottenham,away_win,0.4968895173076931,0.280589430207924,0.22252105248438292,0.430635838150289,0.2630057803468208,0.3063583815028902
2026-05-04,Everton,Manchester City,draw,0.22369351746759059,0.2572716204927904,0.5190348620396189,0.42939481268011526,0.2622478386167147,0.30835734870317005
2026-05-04,Chelsea,Nottingham Forest,away_win,0.6490473214045823,0.20763757501824684,0.14331510357717062,0.4281609195402299,0.26436781609195403,0.3074712643678161
2026-05-09,Liverpool,Chelsea,draw,0.43658301696002244,0.2411053591315183,0.32231162390845924,0.4269340974212034,0.2636103151862464,0.30945558739255014
2026-05-09,Fulham,Bournemouth,away_win,0.2991120118237024,0.2595688177350136,0.4413191704412842,0.4257142857142857,0.26571428571428574,0.30857142857142855
2026-05-09,Brighton,Wolverhampton Wanderers,home_win,0.6313396087434723,0.23786043106996757,0.13079996018656032,0.42450142450142453,0.26495726495726496,0.31054131054131057
2026-05-09,Manchester City,Brentford,home_win,0.5746346334261384,0.2227510376580136,0.20261432891584824,0.42613636363636365,0.26420454545454547,0.3096590909090909
2026-05-09,Sunderland,Manchester United,draw,0.2124104635055566,0.26913741844221,0.5184521180522333,0.42776203966005666,0.26345609065155806,0.3087818696883853
2026-05-10,Burnley,Aston Villa,draw,0.21074835238205827,0.2659738893272246,0.5232777582907171,0.4265536723163842,0.2655367231638418,0.307909604519774
2026-05-10,Crystal Palace,Everton,draw,0.4884232739732075,0.2687666807993059,0.24281004522748684,0.4253521126760563,0.2676056338028169,0.30704225352112674
2026-05-10,Nottingham Forest,Newcastle United,draw,0.34058875722400345,0.27774238726200307,0.3816688555139933,0.4241573033707865,0.2696629213483146,0.3061797752808989
2026-05-10,West Ham,Arsenal,away_win,0.1321692072639616,0.22995460069918047,0.6378761920368577,0.42296918767507,0.27170868347338933,0.30532212885154064
2026-05-11,Tottenham,Leeds,draw,0.3171729866549223,0.29825342946934613,0.3845735838757317,0.42178770949720673,0.2709497206703911,0.30726256983240224
2026-05-13,Manchester City,Crystal Palace,home_win,0.6497813921665968,0.1990296447072705,0.1511889631261326,0.4206128133704735,0.27298050139275765,0.3064066852367688
2026-05-15,Aston Villa,Liverpool,home_win,0.35817991230072804,0.27741985621538773,0.3644002314838842,0.4222222222222222,0.2722222222222222,0.3055555555555556
2026-05-17,Manchester United,Nottingham Forest,home_win,0.6231940234983779,0.2286823149719734,0.14812366152964865,0.42382271468144045,0.27146814404432135,0.3047091412742382
2026-05-17,Brentford,Crystal Palace,draw,0.4902264459464564,0.24384101142989179,0.26593254262365185,0.425414364640884,0.27071823204419887,0.30386740331491713
2026-05-17,Everton,Sunderland,away_win,0.49703211438049727,0.2852174412762069,0.21775044434329582,0.42424242424242425,0.2727272727272727,0.30303030303030304
2026-05-17,Newcastle United,West Ham,home_win,0.5591743166642179,0.2400767356460834,0.20074894768969875,0.4230769230769231,0.27197802197802196,0.30494505494505497
2026-05-17,Wolverhampton Wanderers,Fulham,draw,0.3012549310590493,0.30604444948203413,0.39270061945891643,0.4246575342465753,0.27123287671232876,0.3041095890410959
2026-05-17,Leeds,Brighton,home_win,0.4516628263029079,0.2763848685321393,0.271952305164953,0.42349726775956287,0.273224043715847,0.30327868852459017
2026-05-18,Arsenal,Burnley,home_win,0.8654276657241828,0.10437137454159998,0.030200959734217166,0.4250681198910082,0.2724795640326976,0.3024523160762943
2026-05-19,Chelsea,Tottenham,home_win,0.6067593709334482,0.22978737120583229,0.16345325786071951,0.4266304347826087,0.2717391304347826,0.3016304347826087
2026-05-19,Bournemouth,Manchester City,draw,0.3131711250774418,0.24992238011225393,0.43690649481030425,0.4281842818428184,0.27100271002710025,0.3008130081300813
2026-05-24,Sunderland,Chelsea,home_win,0.2545987259403242,0.26659831205755674,0.47880296200211914,0.42702702702702705,0.27297297297297296,0.3
2026-05-24,Fulham,Newcastle United,home_win,0.34764150990204046,0.2733718228514393,0.37898666724652014,0.42857142857142855,0.2722371967654987,0.2991913746630728
2026-05-24,Liverpool,Brentford,draw,0.4823128161114694,0.24507811580354089,0.2726090680849897,0.43010752688172044,0.271505376344086,0.29838709677419356
2026-05-24,Tottenham,Everton,home_win,0.4181012816779179,0.298277948909909,0.28362076941217307,0.4289544235924933,0.2734584450402145,0.2975871313672922
2026-05-24,Nottingham Forest,Bournemouth,draw,0.2926851113621083,0.261744074403761,0.44557081423413075,0.4304812834224599,0.2727272727272727,0.2967914438502674
2026-05-24,Burnley,Wolverhampton Wanderers,draw,0.3786430275025782,0.30959419556863454,0.3117627769287873,0.42933333333333334,0.27466666666666667,0.296
2026-05-24,Brighton,Manchester United,away_win,0.3814898805988033,0.27700003454460315,0.34151008485659357,0.42819148936170215,0.2765957446808511,0.29521276595744683
2026-05-24,Crystal Palace,Arsenal,away_win,0.21881329551579198,0.27208151984666484,0.509105184637543,0.4270557029177719,0.27586206896551724,0.29708222811671087
2026-05-24,Manchester City,Aston Villa,away_win,0.6498094880795885,0.20938063722954847,0.14080987469086315,0.42592592592592593,0.2751322751322751,0.29894179894179895
2026-05-24,West Ham,Leeds,home_win,0.31335662795695124,0.27656402007919983,0.4100793519638489,0.42480211081794195,0.27440633245382584,0.3007915567282322
2026-08-22,Nottingham Forest,Leeds,away_win,0.33164274238842684,0.27512057519968436,0.3932366824118888,0.4293193717277487,0.27225130890052357,0.29842931937172773
2026-08-22,Everton,Crystal Palace,home_win,0.37539450700798965,0.27542581178221615,0.34917968120979426,0.4281984334203655,0.27154046997389036,0.3002610966057441
2026-08-22,Brentford,Tottenham,home_win,0.511305908149556,0.26162413772366583,0.2270699541267781,0.43116883116883115,0.2701298701298701,0.2987012987012987
2026-08-23,Brighton,Aston Villa,home_win,0.45465257027164846,0.2782684558726152,0.2670789738557365,0.4326424870466321,0.2694300518134715,0.2979274611398964
2026-08-23,Newcastle United,Liverpool,draw,0.39093997794844404,0.26320191367628737,0.34585810837526865,0.43410852713178294,0.268733850129199,0.2971576227390181
2026-08-23,Manchester City,Bournemouth,home_win,0.5845707251962287,0.22062900027358218,0.1948002745301892,0.4329896907216495,0.2706185567010309,0.2963917525773196
2026-08-24,Fulham,Chelsea,away_win,0.32143775085002335,0.2637718523823845,0.4147903967675923,0.43444730077120824,0.2699228791773779,0.29562982005141386
2026-08-28,Crystal Palace,Manchester City,away_win,0.2832986768824122,0.24852059303142945,0.4681807300861583,0.43333333333333335,0.2692307692307692,0.29743589743589743
2026-08-29,Liverpool,Nottingham Forest,draw,0.6061204533041697,0.22810633992016635,0.1657732067756638,0.4322250639386189,0.26854219948849106,0.29923273657289
2026-08-29,Tottenham,Newcastle United,away_win,0.3685189799770167,0.28662574736133495,0.34485527266164845,0.43112244897959184,0.27040816326530615,0.29846938775510207
2026-08-29,Bournemouth,Everton,draw,0.5632021819348529,0.2418326793783485,0.19496513868679868,0.4300254452926209,0.2697201017811705,0.30025445292620867
2026-08-30,Sunderland,Fulham,home_win,0.3881729663509344,0.30322583888738064,0.30860119476168507,0.4292929292929293,0.2702020202020202,0.3005050505050505
2026-08-30,Chelsea,Brighton,home_win,0.45587369566545793,0.2549878731749431,0.2891384311595988,0.43073047858942065,0.2695214105793451,0.29974811083123426
2026-08-30,Leeds,Brentford,draw,0.4212850192882156,0.25723940029041203,0.32147558042137225,0.4321608040201005,0.26884422110552764,0.2989949748743719
2026-08-31,Aston Villa,Arsenal,away_win,0.1801738722920892,0.2613323436123791,0.5584937840955317,0.43107769423558895,0.2706766917293233,0.2982456140350877
